City_ID,City,Lat,Lng,Max Temp,Humidity,Cloudiness,Wind Speed,Country,Date
0,polyarnyy,69.1989,33.4478,277.24,66,82,9.02,RU,1728840115
1,kharkhorin,47.1975,102.8238,271.17,86,99,3.03,MN,1728840117
2,stanley,54.868,-1.6985,279.55,72,0,0.51,GB,1728840118
3,nurota,40.5614,65.6886,283.94,81,23,0.56,UZ,1728840050
4,edinburgh of the seven seas,-37.0676,-12.3116,287.03,75,90,9.67,SH,1728840120
5,adamstown,-25.066,-130.1015,294.26,81,100,6.13,PN,1728840121
6,puerto ayora,-0.7393,-90.3518,295.12,89,99,2.24,EC,1728840122
7,tingo maria,-9.2895,-76.0088,303.32,54,20,1.54,PE,1728840123
8,ulsteinvik,62.3432,5.8487,280.24,89,100,2.24,NO,1728840124
9,bethel,41.3712,-73.414,290.78,68,0,3.09,US,1728840125
10,kone,-21.0595,164.8658,291.76,83,95,2.05,NC,1728840126
11,port-aux-francais,-49.35,70.2167,277.36,92,100,10.97,TF,1728840127
12,punta arenas,-53.15,-70.9167,286.21,54,75,14.92,CL,1728839893
13,pathein,16.7833,94.7333,298.45,91,75,0.98,MM,1728840130
14,albany,42.6001,-73.9662,280.61,79,100,1.21,US,1728840118
15,enewetak,11.3474,162.3373,300.41,77,100,1.21,MH,1728840132
16,owase,34.0667,136.2,291.73,87,80,2.35,JP,1728840133
17,afaahiti,-17.75,-149.2833,295.84,78,99,6.84,PF,1728840134
18,euclides da cunha,-10.5075,-39.0158,309.03,20,7,5.17,BR,1728840135
19,mizdah,31.4451,12.9801,299.98,42,1,3.88,LY,1728840136
20,yellowknife,62.456,-114.3525,281.16,83,100,11.83,CA,1728840137
21,kiruna,67.8557,20.2251,274.66,93,100,3.6,SE,1728840138
22,codrington,-38.2667,141.9667,283.7,89,55,3.3,AU,1728840140
23,waitangi,-43.9535,-176.5597,281.38,95,100,2.27,NZ,1728840142
24,mayahi,13.9553,7.6712,306.7,27,100,4.19,NE,1728840143
25,invercargill,-46.4,168.35,274.27,93,18,1.9,NZ,1728840144
26,horta,38.5333,-28.6333,294.95,97,75,8.23,PT,1728840145
27,sinhyeon,34.8825,128.6267,294.41,75,75,4.71,KR,1728840147
28,port macquarie,-31.4333,152.9167,287.63,79,100,1.79,AU,1728840148
29,farafangana,-22.8167,47.8333,294.85,69,64,4.54,MG,1728840149
30,shimoda,34.6667,138.95,291.38,80,13,6.5,JP,1728840150
31,ancud,-41.8697,-73.8203,284.71,79,42,3.09,CL,1728840152
32,lihue,21.9789,-159.3672,298.92,73,40,4.63,US,1728840153
33,dudinka,69.4058,86.1778,273.23,99,100,5.97,RU,1728840154
34,tura,25.5198,90.2201,294.79,89,0,1.71,IN,1728840155
35,kayangel,8.0823,134.7173,301.87,72,43,4.3,PW,1728840156
36,korsakov,46.6328,142.7813,271.06,65,68,2.51,RU,1728840157
37,ceerigaabo,10.6162,47.368,293.84,53,41,2.27,SO,1728840159
38,tual,-5.6667,132.75,300.35,84,100,6.92,ID,1728840160
39,port mathurin,-19.6833,63.4167,295.66,72,5,9.98,MU,1728840161
40,nemuro,43.3236,145.575,284.02,64,0,4.39,JP,1728840162
41,labasa,-16.4167,179.3833,296.95,89,99,2.09,FJ,1728840163
42,chibougamau,49.9168,-74.3659,277.94,70,100,3.6,CA,1728840164
43,antalaha,-14.9003,50.2788,294.43,77,30,4.44,MG,1728840165
44,grytviken,-54.2811,-36.5092,273.06,76,24,4.99,GS,1728840166
45,port douglas,-16.4833,145.4667,296.18,81,71,3.05,AU,1728840167
46,gizo,-8.103,156.8419,300.51,79,36,2.63,SB,1728840168
47,atafu village,-8.5421,-172.5159,300.88,75,99,4.42,TK,1728840170
48,ilulissat,69.2167,-51.1,273.16,64,100,4.63,GL,1728840171
49,queenstown,-31.8976,26.8753,297.75,42,4,3.15,ZA,1728840172
50,alesund,62.4723,6.1549,280.24,88,75,6.17,NO,1728840173
51,inari,68.906,27.0288,277.79,83,100,5.46,FI,1728840174
52,berezovyy,51.6667,135.7,276.43,54,100,2.11,RU,1728840175
53,constantia,44.1833,28.65,284.53,62,92,1.78,RO,1728839930
54,sabzevar,36.2126,57.6819,295.12,30,15,2.04,IR,1728840177
55,blackmans bay,-43.0167,147.3167,280.66,83,98,0.45,AU,1728840180
56,bilibino,68.0546,166.4372,261.75,86,100,1.31,RU,1728840181
57,guangzhou,23.1167,113.25,301.0,64,14,2.45,CN,1728840182
58,luena,-11.7833,19.9167,299.28,28,84,3.19,AO,1728840183
59,port elizabeth,-33.918,25.5701,292.31,97,100,6.17,ZA,1728840184
60,dapa,9.7594,126.0531,301.15,79,68,4.12,PH,1728840185
61,puerto natales,-51.7236,-72.4875,287.4,44,40,16.98,CL,1728840186
62,pekanbaru,0.5333,101.45,298.33,100,20,2.57,ID,1728840187
63,aasiaat,68.7098,-52.8699,272.38,69,2,2.65,GL,1728840188
64,olonkinbyen,70.9221,-8.7187,271.63,89,100,9.3,SJ,1728840189
65,bandarbeyla,9.4942,50.8122,300.71,75,24,5.9,SO,1728840190
66,karamay,45.6004,84.8661,287.1,54,100,5.78,CN,1728840191
67,petropavlovsk-kamchatsky,53.0452,158.6483,277.48,87,100,5.0,RU,1728840193
68,puerto colombia,10.9878,-74.9547,306.2,66,67,3.62,CO,1728840194
69,swakopmund,-22.6833,14.5333,287.58,82,62,5.81,NA,1728840195
70,kailua-kona,19.6406,-155.9956,296.13,73,0,2.06,US,1728840196
71,gebeit,21.0667,36.3167,301.74,33,93,5.6,SD,1728840198
72,mount isa,-20.7333,139.5,290.02,94,7,0.0,AU,1728840199
73,morropon,-5.1822,-79.9689,304.05,42,42,2.09,PE,1728840200
74,roosevelt,33.9668,-103.4505,299.43,15,23,3.79,US,1728840201
75,hermanus,-34.4187,19.2345,288.04,83,66,2.56,ZA,1728840202
76,bredasdorp,-34.5322,20.0403,288.0,83,62,5.55,ZA,1728840203
77,whitehorse,60.7161,-135.0538,276.93,85,75,7.2,CA,1728840204
78,nogliki,51.8333,143.1667,273.96,84,14,3.3,RU,1728840205
79,jeju city,33.5097,126.5219,294.11,68,75,2.06,KR,1728840206
80,baruun-urt,46.6806,113.2792,285.0,69,30,8.39,MN,1728840207
81,jamestown,42.097,-79.2353,284.83,100,100,2.57,US,1728840209
82,mangalia,43.8,28.5833,289.5,71,75,3.89,RO,1728840210
83,jaen,38.0,-3.5,297.5,47,84,1.28,ES,1728840211
84,ishigaki,24.3448,124.1572,300.22,83,75,4.12,JP,1728840213
85,souillac,-20.5167,57.5167,296.36,68,75,7.2,MU,1728840214
86,nagqu,31.5,92.0,275.0,29,100,0.87,CN,1728840215
87,geraldton,-28.7667,114.6,291.38,63,100,4.63,AU,1728839976
88,santa quiteria,-4.3319,-40.1567,310.81,21,64,3.83,BR,1728840217
89,belmonte,-15.8631,-38.8828,301.91,62,36,4.1,BR,1728840218
90,nadi,-17.8,177.4167,297.15,88,75,1.03,FJ,1728840220
91,lorengau,-2.0226,147.2712,301.42,76,25,4.5,PG,1728840221
92,fort bragg,35.139,-79.006,299.08,40,0,5.66,US,1728840222
93,klyuchi,52.2667,79.1667,269.43,58,10,2.39,RU,1728840223
94,revda,56.801,59.9303,268.23,88,27,1.32,RU,1728840224
95,lompoc,34.6391,-120.4579,291.22,90,100,2.57,US,1728839945
96,colonia,50.9333,6.95,284.33,78,0,3.6,DE,1728840226
97,kapit,2.0167,112.9333,296.31,99,84,0.23,MY,1728840227
98,howrah,22.5892,88.3103,302.15,79,20,1.54,IN,1728840228
99,artigas,-30.4,-56.4667,298.44,62,1,5.74,UY,1728840073
100,camiri,-20.05,-63.5167,308.03,34,20,2.06,BO,1728840231
101,kodiak,57.79,-152.4072,280.88,87,100,8.23,US,1728840232
102,dunedin,-45.8742,170.5036,277.48,85,8,0.45,NZ,1728840233
103,vorgashor,67.5833,63.95,271.95,93,85,5.54,RU,1728840235
104,faya-largeau,17.9257,19.1043,307.58,10,16,3.27,TD,1728840236
105,wailua homesteads,22.0669,-159.378,298.59,95,40,4.63,US,1728840237
106,papatowai,-46.5619,169.4708,275.04,91,3,2.63,NZ,1728840238
107,ribeira grande,38.5167,-28.7,295.37,88,75,8.23,PT,1728840240
108,nar'yan-mar,67.6713,53.087,274.71,93,15,5.65,RU,1728840241
109,college,64.8569,-147.8028,274.12,86,100,0.0,US,1728840242
110,praia da vitoria,38.7333,-27.0667,292.29,94,75,8.35,PT,1728840243
111,pisco,-13.7,-76.2167,294.18,68,0,3.09,PE,1728840244
112,baharly,38.4362,57.4316,291.22,42,93,1.65,TM,1728840245
113,citra,34.7965,-96.3764,300.62,27,10,5.86,US,1728840246
114,floro,61.5996,5.0328,279.13,87,75,9.26,NO,1728840247
115,chernyshevskiy,63.0128,112.4714,263.71,78,66,2.29,RU,1728840248
116,tazovsky,67.4667,78.7,275.3,79,100,10.78,RU,1728840250
117,carnarvon,-24.8667,113.6333,292.19,74,0,6.85,AU,1728840251
118,gilgit,35.9221,74.3087,291.02,29,16,1.0,PK,1728840252
119,alotau,-10.3069,150.4462,296.8,97,67,1.3,PG,1728840253
120,taltal,-25.4,-70.4833,292.11,69,26,4.38,CL,1728840254
121,longyearbyen,78.2186,15.6401,275.06,87,75,10.29,SJ,1728840255
122,buka,40.8108,69.1986,288.63,68,89,4.59,UZ,1728840256
123,saldanha,-33.0117,17.9442,290.18,87,74,9.36,ZA,1728840257
124,miyaly,48.8844,53.7836,275.74,33,0,4.85,KZ,1728840016
125,ullal,12.8,74.85,298.68,94,75,0.0,IN,1728840259
126,newman,37.3138,-121.0208,295.95,68,0,4.02,US,1728840260
127,thompson,55.7435,-97.8558,274.24,69,75,3.6,CA,1728840262
128,soio,-6.1349,12.3689,297.96,81,75,3.42,AO,1728840263
129,kalmunai,7.4167,81.8167,297.91,90,100,2.27,LK,1728840264
130,lebu,-37.6167,-73.65,286.9,63,3,5.31,CL,1728840113
131,verkhniy baskunchak,48.2256,46.7217,277.53,45,0,5.73,RU,1728840266
132,avesta,60.1455,16.1679,280.44,99,100,1.64,SE,1728840267
133,sungai raya,0.7,108.9,298.91,89,99,1.8,ID,1728840268
134,ust-nera,64.5667,143.2,269.11,93,99,2.57,RU,1728840269
135,lao cai,22.4833,103.95,297.27,92,97,0.57,VN,1728840270
136,ushuaia,-54.8,-68.3,285.96,50,40,5.66,AR,1728840271
137,margate,51.3813,1.3862,282.42,74,100,0.76,GB,1728840273
138,anadyr,64.75,177.4833,257.43,85,0,3.0,RU,1728840274
139,bodo,67.28,14.405,281.91,92,75,3.6,NO,1728840275
140,portland,45.5234,-122.6762,290.34,76,20,2.68,US,1728840166
141,lerwick,60.1545,-1.1494,278.73,58,84,3.93,GB,1728840277
142,cabo san lucas,22.8909,-109.9124,307.32,64,0,2.06,MX,1728840118
143,vila velha,-20.3297,-40.2925,299.12,72,75,8.23,BR,1728840279
144,boa esperanca,-21.09,-45.5658,303.15,38,76,2.21,BR,1728840280
145,spas-demensk,54.4122,34.0226,278.78,93,100,5.56,RU,1728840281
146,tiksi,71.6872,128.8694,262.1,91,100,3.52,RU,1728840282
147,merowe,18.4833,31.8167,308.87,17,31,0.38,SD,1728840283
148,labuan,5.2767,115.2417,300.35,94,40,0.0,MY,1728840284
149,belen,36.4891,36.2233,294.23,69,20,5.66,TR,1728840286
150,shibirghan,36.6676,65.7529,293.87,32,81,4.46,AF,1728840287
151,iqaluit,63.7506,-68.5145,274.0,80,75,6.71,CA,1728840288
152,plettenberg bay,-34.0527,23.3716,289.98,89,73,3.48,ZA,1728840289
153,sao joao da barra,-21.6403,-41.0511,301.2,65,100,7.16,BR,1728840290
154,ermesinde,41.2218,-8.5546,295.64,68,20,1.54,PT,1728840291
155,utrik,11.2278,169.8474,301.21,77,58,6.1,MH,1728840292
156,port alfred,-33.5906,26.891,293.25,92,9,0.45,ZA,1728840293
157,isangel,-19.55,169.2667,294.83,78,100,6.62,VU,1728840294
158,severo-yeniseyskiy,60.3725,93.0408,266.94,78,100,5.57,RU,1728840295
159,udachny,66.4167,112.4,251.49,100,59,2.32,RU,1728840296
160,susuman,62.7833,148.1667,265.0,97,100,0.88,RU,1728840298
161,halifax,44.6453,-63.5724,287.97,54,80,6.69,CA,1728840145
162,kropachevo,55.0112,57.9896,271.22,72,27,0.77,RU,1728840300
163,hono,57.6897,11.6497,282.68,67,100,4.53,SE,1728840301
164,san juan del sur,11.2529,-85.8705,301.27,74,40,3.09,NI,1728840302
165,cobija,-11.0267,-68.7692,307.25,59,75,1.54,BO,1728840303
166,praia,14.9215,-23.5087,300.45,83,40,3.09,CV,1728840304
167,santa elena de uairen,4.6167,-61.1333,302.36,42,69,4.45,VE,1728840305
168,sint michiel liber,12.15,-68.9833,304.05,79,40,8.23,CW,1728840306
169,torghay,49.6339,63.4981,275.83,50,100,10.08,KZ,1728840308
170,ban talat bueng,13.0715,101.0031,299.81,84,73,0.75,TH,1728840309
171,saint-francois,46.4154,3.9054,290.84,85,0,1.54,FR,1728840310
172,margaret river,-33.95,115.0667,287.33,85,0,2.84,AU,1728840311
173,saint-philippe,-21.3585,55.7679,294.52,77,62,6.3,RE,1728840312
174,hagere maryam,5.6333,38.2333,289.9,76,76,0.61,ET,1728840313
175,sattahip,12.6664,100.9007,300.2,83,20,2.06,TH,1728840314
176,matamey,13.4231,8.4749,307.88,18,88,4.43,NE,1728840315
177,male,4.1748,73.5089,301.12,78,75,7.2,MV,1728840303
178,chifeng,42.2683,118.9636,288.42,67,100,3.67,CN,1728840317
179,smithers,54.7804,-127.1743,284.33,93,75,1.54,CA,1728840318
180,cidreira,-30.1811,-50.2056,293.69,73,0,9.0,BR,1728840320
181,morehead city,34.7229,-76.726,298.73,62,0,6.17,US,1728840321
182,fortuna,40.5982,-124.1573,288.66,100,0,0.0,US,1728840323
183,hamilton,39.1834,-84.5333,299.38,58,0,7.72,US,1728840324
184,avarua,-21.2078,-159.775,295.18,94,100,2.57,CK,1728840325
185,tindouf,27.6711,-8.1474,301.4,44,40,6.17,DZ,1728840326
186,quelimane,-17.8786,36.8883,299.12,83,0,3.6,MZ,1728840327
187,bajil,15.0584,43.2851,305.89,47,76,4.4,YE,1728840328
188,voi,-3.3945,38.563,298.05,60,64,5.87,KE,1728840329
189,carbonear,47.7332,-53.2148,285.56,67,56,10.8,CA,1728840330
190,napili-honokowai,20.9708,-156.6705,299.36,76,34,5.12,US,1728840332
191,nueva concepcion,14.2,-91.3,302.25,74,63,2.1,GT,1728840333
192,brisas de zicatela,15.8369,-97.0419,303.44,70,0,1.54,MX,1728840334
193,west island,-12.1568,96.8225,300.14,83,20,6.17,CC,1728840335
194,san matias,-16.3667,-58.4,312.88,27,93,3.23,BO,1728840336
195,keflavik,64.0049,-22.5624,275.39,55,0,3.6,IS,1728840337
196,bugene,-1.5911,31.1403,292.68,50,47,1.24,TZ,1728840338
197,isafjordur,66.0755,-23.124,272.17,64,0,1.54,IS,1728840340
198,mendi,-6.1761,143.6513,287.23,100,100,0.8,PG,1728840341
199,hami,42.8,93.45,289.7,29,63,3.59,CN,1728840342
200,taroa,8.7058,171.2275,301.27,78,30,5.51,MH,1728840073
201,quimili,-27.6333,-62.4167,304.23,36,54,5.57,AR,1728840344
202,saham,24.1722,56.8886,301.83,68,6,2.09,OM,1728840345
203,chinchilla,-26.75,150.6333,288.72,88,99,0.45,AU,1728840346
204,rocha,-34.4833,-54.3333,296.01,49,100,2.45,UY,1728840347
205,kapuskasing,49.4169,-82.4331,279.15,56,20,3.6,CA,1728840182
206,saint-joseph,-21.3667,55.6167,294.36,73,56,6.34,RE,1728840350
207,talnakh,69.4865,88.3972,268.31,96,100,4.82,RU,1728840351
208,tolanaro,-25.0319,46.9987,296.19,83,20,9.77,MG,1728840352
209,lensk,60.7253,114.9278,265.58,87,100,2.33,RU,1728840353
210,zelenoborskiy,66.845,32.3622,277.28,94,97,3.03,RU,1728840354
211,adelia maria,-33.6315,-64.021,290.4,88,100,6.83,AR,1728840355
212,iskateley,67.6803,53.1512,274.71,93,14,5.67,RU,1728840356
213,shingu,33.7333,135.9833,293.2,81,68,3.22,JP,1728840357
214,georgetown,5.4112,100.3354,299.11,87,40,3.13,MY,1728840358
215,el calafate,-50.3408,-72.2768,283.22,59,100,6.96,AR,1728840359
216,chonchi,-42.6128,-73.8092,286.67,69,88,0.43,CL,1728840361
217,veraval,20.9,70.3667,301.26,82,99,2.12,IN,1728840362
218,erenhot,43.6475,111.9767,287.27,66,3,10.13,CN,1728840363
219,selfoss,63.9331,-20.9971,274.84,41,90,4.55,IS,1728840364
220,moree,-29.4667,149.85,287.53,89,98,3.9,AU,1728840365
221,puerto baquerizo moreno,-0.9,-89.6,296.7,94,75,6.69,EC,1728840366
222,beledweyne,4.7358,45.2036,303.96,46,96,7.8,SO,1728840367
223,caleta de carquin,-11.0925,-77.6267,294.17,71,46,4.47,PE,1728840368
224,massena,44.9281,-74.8919,282.66,57,100,4.63,US,1728840371
225,pul-e khumri,35.9446,68.7151,293.89,30,12,0.16,AF,1728840372
226,yatou,37.15,122.3833,291.7,81,100,2.55,CN,1728840373
227,olinda,-8.0089,-34.8553,302.0,65,75,4.63,BR,1728840256
228,puerto real,36.5282,-6.1901,297.22,78,20,2.06,ES,1728840375
229,sinabang,2.4803,96.3801,297.61,88,100,1.4,ID,1728840377
230,mora,11.0461,14.1401,301.56,58,93,2.3,CM,1728840378
231,badger,64.8,-147.5333,274.08,90,20,0.0,US,1728840379
232,hirara,24.8,125.2833,299.3,89,20,3.6,JP,1728840380
233,usinsk,65.9939,57.5281,273.88,99,100,5.84,RU,1728840381
234,watton,53.9333,-0.45,282.01,76,100,0.51,GB,1728840382
235,jose maria morelos,30.8066,-112.684,306.12,27,0,1.6,MX,1728840383
236,dwarka,22.2394,68.9678,301.92,75,100,4.77,IN,1728840384
237,coahuayana de hidalgo,18.7,-103.6583,303.98,53,6,0.91,MX,1728840385
238,sitka,57.0531,-135.33,283.09,76,75,5.66,US,1728840388
239,rongelap,11.1635,166.8941,301.34,77,46,6.22,MH,1728840389
240,akureyri,65.6835,-18.0878,268.11,80,0,0.51,IS,1728840390
241,kapa'a,22.0752,-159.319,299.33,95,40,4.63,US,1728840391
242,ramadi,33.4226,43.3058,304.33,12,3,3.11,IQ,1728840392
243,santa terezinha,-29.9002,-50.0904,293.23,76,0,9.82,BR,1728840393
244,luderitz,-26.6481,15.1594,293.88,54,4,15.38,NA,1728840394
245,pacocha,-17.5833,-71.3333,292.77,72,3,2.8,PE,1728840395
246,klaksvik,62.2266,-6.589,278.29,53,65,5.47,FO,1728840396
247,nuuk,64.1835,-51.7216,276.49,81,75,0.0,GL,1728840367
248,mooroopna,-36.4,145.35,285.4,42,100,3.27,AU,1728840398
249,happy valley-goose bay,53.3168,-60.3315,279.32,87,100,6.17,CA,1728840400
250,malyye derbety,47.9547,44.6808,279.35,39,0,7.05,RU,1728840401
251,luwuk,-0.9516,122.7875,295.97,91,99,1.26,ID,1728840402
252,baidoa,3.1138,43.6498,300.63,50,96,6.15,SO,1728840403
253,karratha,-20.7377,116.8463,301.64,17,6,7.48,AU,1728840404
254,punta gorda,26.9298,-82.0454,303.74,72,40,3.6,US,1728840189
255,laojunmiao,39.8333,97.7333,283.21,38,62,1.81,CN,1728840406
256,kingston,17.997,-76.7936,306.68,62,20,9.26,JM,1728840389
257,shahrak,34.1074,64.3052,283.9,25,28,1.12,AF,1728840409
258,kiunga,-6.1219,141.2906,296.06,100,100,0.95,PG,1728840193
259,hastings,50.8552,0.5729,282.14,35,100,2.09,GB,1728840411
260,nili,33.7218,66.1302,286.62,20,4,1.82,AF,1728840412
261,diffa,13.3154,12.6113,308.28,24,63,1.65,NE,1728840413
262,uturoa,-16.7333,-151.4333,297.96,72,22,8.31,PF,1728840414
263,banda aceh,5.5577,95.3222,299.58,78,60,5.67,ID,1728840129
264,uzgen,40.7699,73.3007,289.38,45,100,1.54,KG,1728840416
265,sidi bennour,32.6524,-8.4277,297.32,39,4,7.09,MA,1728840417
266,ninghai,29.2892,121.4247,294.0,93,26,1.0,CN,1728840418
267,rabaul,-4.1967,152.1721,299.56,80,4,2.43,PG,1728840420
268,saint-dizier,48.4167,5.0833,282.93,77,63,1.91,FR,1728840421
269,zavodskoy,43.4597,132.2922,279.92,87,75,1.0,RU,1728840422
270,makow mazowiecki,52.8649,21.1005,281.27,74,68,6.1,PL,1728840423
271,arkhara,49.4212,130.0842,281.89,54,100,6.3,RU,1728840424
272,santa cruz,-17.8,-63.1667,309.18,52,87,7.72,BO,1728840061
273,kuusamo,65.9667,29.1833,275.17,100,100,3.6,FI,1728840426
274,general roca,-39.0333,-67.5833,297.23,18,0,3.46,AR,1728840427
275,alice springs,-23.7,133.8833,299.9,32,89,4.63,AU,1728840428
276,barda,40.3744,47.1267,289.44,83,100,3.03,AZ,1728840429
277,vernon,50.2581,-119.2691,284.89,62,79,2.57,CA,1728840430
278,mawu,34.4307,104.9176,281.35,89,0,2.56,CN,1728840432
279,fauske,67.2588,15.3918,277.02,85,76,3.02,NO,1728840433
280,menemen,38.6075,27.0694,295.03,64,0,5.14,TR,1728840434
281,qaqortoq,60.7167,-46.0333,279.18,50,39,5.14,GL,1728840435
282,mahina,-17.5065,-149.489,298.02,69,0,5.14,PF,1728840436
283,fale old settlement,-9.3852,-171.2468,300.74,77,79,4.75,TK,1728840437
284,greenville,35.6127,-77.3663,298.79,39,0,3.6,US,1728839921
285,callao,-12.0667,-77.15,293.31,68,40,4.12,PE,1728840439
286,yigo village,13.5361,144.8886,299.12,88,0,1.54,GU,1728840440
287,lusambo,-4.9667,23.45,300.58,52,90,0.57,CD,1728840441
288,monster,52.0258,4.175,284.28,77,100,2.57,NL,1728840442
289,monduli,-3.3,36.45,294.97,38,59,4.8,TZ,1728840443
290,vitorino freire,-4.0667,-45.1667,312.78,21,39,3.06,BR,1728840445
291,dellys,36.9172,3.9131,299.24,59,91,3.29,DZ,1728840446
292,gisborne,-38.6533,178.0042,284.45,82,100,1.09,NZ,1728840447
293,motygino,58.1831,94.7592,269.49,62,100,2.68,RU,1728840448
294,luanco,43.6152,-5.7934,295.53,81,38,1.34,ES,1728840449
295,sokcho,38.2083,128.5911,290.49,77,100,2.06,KR,1728840450
296,gemena,3.25,19.7667,295.81,92,84,0.87,CD,1728840451
297,ingeniero jacobacci,-41.3427,-69.5448,288.42,25,0,5.61,AR,1728840452
298,lardero,42.4269,-2.4615,290.55,88,0,1.54,ES,1728840453
299,vorkuta,67.5,64.0,271.88,93,79,5.39,RU,1728840454
300,dubbo,-32.25,148.6167,288.22,72,75,3.6,AU,1728840456
301,seminole,28.7086,-81.2081,303.29,64,20,3.09,US,1728840268
302,whakatane,-37.9585,176.9854,286.21,99,100,2.06,NZ,1728840458
303,belaya kholunitsa,58.84,50.8528,272.04,74,58,2.31,RU,1728840459
304,port shepstone,-30.7414,30.455,295.1,83,82,5.76,ZA,1728840460
305,brokopondo,4.75,-55.1667,305.6,44,85,2.23,SR,1728840461
306,batticaloa,7.7102,81.6924,298.33,87,100,2.39,LK,1728840462
307,ingraj bazar,25.0,88.15,297.45,69,1,1.6,IN,1728840463
308,ketchikan,55.3422,-131.6461,283.41,87,100,2.06,US,1728840464
309,grand falls-windsor,48.9332,-55.6649,283.99,68,95,0.89,CA,1728840465
310,pacific grove,36.6177,-121.9166,293.51,92,92,3.58,US,1728840466
311,pimentel,-6.8367,-79.9342,295.31,64,0,4.12,PE,1728840468
312,la passe,45.5549,-0.8967,293.71,74,26,3.34,FR,1728840469
313,villa huidobro,-34.8383,-64.5869,289.81,91,100,5.29,AR,1728840470
314,chupaca,-12.0667,-75.2833,287.82,55,94,3.16,PE,1728840471
315,rio grande,-32.035,-52.0986,293.02,70,69,8.18,BR,1728840472
316,santa marta de ortigueira,43.6833,-7.85,292.73,92,61,2.89,ES,1728840473
317,williams lake,52.1415,-122.1445,286.91,69,75,4.63,CA,1728840395
318,morshansk,53.4435,41.8107,278.92,42,11,5.98,RU,1728840475
319,walvis bay,-22.9575,14.5053,291.68,68,21,5.66,NA,1728840476
320,tidjikja,18.5564,-11.4271,310.38,17,54,8.36,MR,1728840477
321,el charco,2.4769,-78.1105,300.79,84,89,3.58,CO,1728840480
322,nova sintra,14.8667,-24.7167,300.82,73,81,2.34,CV,1728840482
323,miranda,3.2499,-76.2281,302.25,50,64,2.01,CO,1728840483
324,magadan,59.5667,150.8,274.48,92,100,2.12,RU,1728840484
325,troitsko-pechorsk,62.7084,56.1964,273.71,77,100,1.73,RU,1728840485
326,mbala,-8.8402,31.3659,294.76,38,27,1.43,ZM,1728840486
327,namibe,-15.1961,12.1522,294.12,83,32,4.28,AO,1728840487
328,semnan,35.5729,53.3971,296.32,25,70,2.04,IR,1728840488
329,zyryanskoye,56.8306,86.6258,269.4,59,85,1.61,RU,1728840489
330,barah,13.7,30.3667,308.56,26,43,3.72,SD,1728840491
331,sinan,34.8262,126.1086,292.76,78,98,6.99,KR,1728840492
332,saipan,15.1355,145.701,300.54,83,40,2.06,MP,1728840493
333,port lincoln,-34.7333,135.8667,287.93,89,9,4.77,AU,1728840494
334,san antonio oeste,-40.7319,-64.9477,294.54,30,0,1.96,AR,1728840483
335,sandnessjoen,66.0217,12.6316,283.21,57,75,4.12,NO,1728840496
336,cambria,35.5641,-121.0808,293.96,64,2,1.28,US,1728840498
337,illapel,-31.6308,-71.1653,296.6,38,100,3.96,CL,1728840371
338,egilsstadir,65.2653,-14.3948,272.1,59,75,4.63,IS,1728840500
339,zelenogorsk,56.1147,94.5861,269.57,54,97,0.9,RU,1728840503
340,dalandzadgad,43.5708,104.425,281.46,62,6,8.15,MN,1728840504
341,hawaiian paradise park,19.5933,-154.9731,295.3,90,100,2.06,US,1728840505
342,schoppenstedt,52.1431,10.7745,283.01,81,95,1.79,DE,1728840506
343,mossendjo,-2.9506,12.7261,295.09,96,97,2.16,CG,1728840507
344,ar ruways,24.1103,52.7306,302.89,56,0,3.72,AE,1728840508
345,ulladulla,-35.35,150.4667,285.45,73,99,2.92,AU,1728840509
346,crane,31.3974,-102.3501,303.01,15,0,3.1,US,1728840510
347,annaberg-buchholz,50.5795,13.0063,280.55,83,99,4.02,DE,1728840511
348,ljusdal,61.8288,16.0913,278.78,97,100,1.05,SE,1728840512
349,booue,-0.0921,11.9385,296.12,93,100,1.71,GA,1728840513
350,mombetsu,44.3525,143.3525,280.33,70,0,3.47,JP,1728840515
351,xining,36.6167,101.7667,283.82,43,0,0.88,CN,1728840516
352,augusto correa,-1.0217,-46.635,305.77,47,13,4.7,BR,1728840517
353,zaozersk,69.4005,32.4476,277.04,70,99,7.06,RU,1728840518
354,alampur,15.8833,78.15,298.16,86,93,3.22,IN,1728840519
355,laixi,36.8592,120.5269,290.6,86,100,3.86,CN,1728840520
356,atherton,53.5237,-2.4935,282.2,76,100,0.45,GB,1728840521
357,san antonio de pale,-1.4014,5.6325,298.92,81,74,4.8,GQ,1728840522
358,banjar,-8.19,114.9675,297.44,83,55,2.72,ID,1728840523
359,mirto,38.0847,14.7515,288.6,58,5,0.99,IT,1728840524
360,sosnogorsk,63.6023,53.8817,274.1,86,100,1.79,RU,1728840526
361,yuzhno-kurilsk,44.0306,145.8556,283.46,61,2,6.0,RU,1728840527
362,xiaoweizhai,26.1903,107.5125,289.7,94,100,1.13,CN,1728840528
363,kasese,0.1833,30.0833,295.84,69,89,1.55,UG,1728840529
364,choibalsan,48.0667,114.5,280.08,55,47,9.31,MN,1728840530
365,cadale,2.7603,46.3222,299.14,83,48,8.73,SO,1728840531
366,spanish wells,26.323,-81.7957,303.13,69,20,0.89,US,1728840532
367,okha,53.5739,142.9478,276.83,80,88,4.16,RU,1728840533
368,labrador city,52.9463,-66.9114,278.81,72,100,31.29,CA,1728840534
369,tinghir,31.5157,-5.5343,292.78,51,98,6.11,MA,1728840535
370,tannum sands,-23.9504,151.3693,293.57,83,75,2.57,AU,1728840537
371,prieska,-29.6641,22.7474,305.22,9,6,4.7,ZA,1728840538
372,port moresby,-9.4431,147.1797,297.46,92,81,3.53,PG,1728840539
373,pionerskiy,54.9508,20.2275,282.06,83,100,10.4,RU,1728840541
374,salekhard,66.53,66.6019,274.08,84,100,7.87,RU,1728840542
375,lowestoft,52.4752,1.7516,282.6,74,100,2.18,GB,1728840543
376,palikir - national government center,6.9248,158.1611,297.56,100,100,1.03,FM,1728840544
377,tantou,26.0314,119.5986,297.02,88,75,3.0,CN,1728840545
378,pacasmayo,-7.4006,-79.5714,293.64,73,58,5.66,PE,1728840546
379,fortaleza,-3.7227,-38.5247,304.22,77,20,9.77,BR,1728840545
380,vadso,70.0744,29.7487,280.24,81,40,11.83,NO,1728840549
381,santarem,-2.4431,-54.7083,306.22,55,20,6.69,BR,1728840292
382,labuan bajo,-8.4964,119.8877,299.25,81,100,1.23,ID,1728840551
383,ust-tsilma,65.441,52.1498,274.99,96,100,1.73,RU,1728840552
384,sarupathar,26.1984,93.8094,294.63,96,0,1.02,IN,1728840554
385,razampeta,14.1833,79.1667,298.78,86,85,1.19,IN,1728840555
386,tralee,52.2704,-9.7026,284.29,100,75,2.06,IE,1728840556
387,caohe,30.2297,115.4335,292.05,80,100,2.94,CN,1728840558
388,bac lieu,9.285,105.7244,299.99,87,100,4.2,VN,1728840559
389,mugia,43.1041,-9.2179,295.32,85,99,2.35,ES,1728840560
390,gobabis,-22.45,18.9667,300.26,15,100,5.8,NA,1728840561
391,marsabit,2.3284,37.9899,297.26,36,47,7.86,KE,1728840562
392,arraial do cabo,-22.9661,-42.0278,298.13,73,20,5.66,BR,1728840563
393,kenora,49.8167,-94.4337,278.69,75,75,5.14,CA,1728840564
394,kisanga,-7.4362,37.7034,302.45,44,63,5.42,TZ,1728840566
395,east london,-33.0153,27.9116,292.67,94,20,3.09,ZA,1728840567
396,hammerfest,70.6634,23.6821,278.4,65,0,5.14,NO,1728840568
397,harstad,68.799,16.5293,279.9,94,81,6.71,NO,1728840570
398,jishui,33.7333,115.4,290.32,81,100,2.48,CN,1728840571
399,nadym,65.5333,72.5167,274.21,81,100,6.64,RU,1728840572
400,talcahuano,-36.7167,-73.1167,287.97,67,0,5.14,CL,1728840426
401,gokceada,40.2011,25.909,293.29,68,59,5.23,TR,1728840574
402,salina cruz,16.1667,-95.2,303.29,49,68,10.2,MX,1728840575
403,morozovsk,48.3539,41.8261,280.56,34,54,9.79,RU,1728840576
404,ocean city,39.2776,-74.5746,300.47,54,2,6.26,US,1728840528
405,tangalle,6.024,80.7911,297.85,88,100,3.45,LK,1728840579
406,tokar,18.4254,37.729,303.46,63,1,3.04,SD,1728840580
407,kuta,-8.7233,115.1723,301.12,89,40,3.6,ID,1728840581
408,waddan,29.1614,16.139,304.05,35,0,5.57,LY,1728840582
409,yeed,4.55,43.0333,305.68,34,79,7.5,SO,1728840583
410,angaur state,6.906,134.13,302.19,67,96,4.29,PW,1728840584
411,singkil,-7.9855,111.4161,299.16,83,95,1.9,ID,1728840585
412,chinde,26.8212,87.7095,293.8,82,1,2.24,NP,1728840586
413,nabire,-3.3667,135.4833,297.87,95,100,1.52,ID,1728840587
414,nikolayevsk-on-amure,53.1406,140.73,274.11,84,19,1.22,RU,1728840588
415,smithfield,41.922,-71.5495,286.33,62,75,3.6,US,1728840591
416,toliara,-23.35,43.6667,296.71,66,0,4.51,MG,1728840592
417,tamanrasset,22.785,5.5228,304.1,11,0,5.66,DZ,1728840593
418,la ronge,55.1001,-105.2842,278.29,81,75,0.51,CA,1728840594
419,kem',64.9555,34.5793,277.83,89,62,3.33,RU,1728840595
420,wanning,18.8003,110.3967,298.69,89,31,3.19,CN,1728840596
421,linhares,-19.3911,-40.0722,300.21,61,100,5.66,BR,1728840597
422,kargil,34.5667,76.1,278.81,31,0,3.34,IN,1728840598
423,dobroye,52.8678,39.8109,279.63,38,94,7.09,RU,1728840601
424,la rinconada,37.4873,-5.9826,298.18,73,40,2.06,ES,1728840602
425,vila do maio,15.1333,-23.2167,300.93,72,45,2.98,CV,1728840603
426,suva,-18.1416,178.4415,295.86,100,75,1.54,FJ,1728840604
427,lubang,13.8584,120.124,301.98,75,74,7.69,PH,1728840605
428,beau vallon,-20.4189,57.6953,296.28,68,75,7.2,MU,1728840606
429,aginskoye,51.1,114.53,271.82,71,100,8.93,RU,1728840607
430,gao,16.6362,1.637,310.17,11,9,3.2,ML,1728840608
431,karachayevsk,43.774,41.9142,284.35,87,66,1.81,RU,1728840610
432,khorixas,-20.3667,14.9667,302.17,22,85,4.23,NA,1728840611
433,new norfolk,-42.7826,147.0587,281.32,99,98,0.96,AU,1728840612
434,hartland,43.105,-88.342,286.77,77,75,4.63,US,1728840614
435,bossangoa,6.4926,17.4552,295.59,91,90,1.13,CF,1728840615
436,tsiombe,-25.3,45.4833,294.67,71,0,4.11,MG,1728840616
437,afif,23.9065,42.9172,299.5,14,1,2.6,SA,1728840617
438,alamogordo,32.8995,-105.9603,301.6,14,0,4.12,US,1728840579
439,konigslutter am elm,52.25,10.8167,282.8,80,0,7.2,DE,1728840620
440,villa dolores,-31.9459,-65.1896,295.67,44,78,3.35,AR,1728840505
441,bubaque,11.2833,-15.8333,301.41,74,98,3.97,GW,1728840622
442,abqaiq,25.9371,49.6776,299.53,69,0,2.34,SA,1728840623
443,acarau,-2.8856,-40.12,303.29,54,82,9.61,BR,1728840624
444,muynoq,43.7683,59.0214,280.61,56,82,3.4,UZ,1728840625
445,kikwit,-5.041,18.8162,298.31,68,96,1.35,CD,1728840626
446,castillos,-34.1667,-53.8333,293.9,53,100,4.09,UY,1728840627
447,bikenibeu village,1.3673,173.1241,301.13,78,20,3.09,KI,1728840629
448,labytnangi,66.6572,66.4183,272.92,87,91,6.18,RU,1728840630
449,kargasok,59.0556,80.8572,272.18,65,100,4.34,RU,1728840631
450,loncoche,-39.3667,-72.6333,291.58,41,4,1.84,CL,1728840632
451,jeddah,21.5169,39.2192,305.07,51,0,2.57,SA,1728840633
452,nizhniy ingash,56.2,96.53,269.54,51,98,1.45,RU,1728840634
453,katsuura,35.1333,140.3,292.63,70,1,6.66,JP,1728840635
454,sarh,9.1429,18.3923,300.1,83,20,1.54,TD,1728840636
455,at taj,24.2049,23.2857,302.36,17,0,4.1,LY,1728840637
456,changli,39.7042,119.1506,289.94,86,93,0.5,CN,1728840638
457,palmer,42.1584,-72.3287,283.23,74,100,2.57,US,1728840640
458,egbe,8.2167,5.5167,296.51,89,83,2.11,NG,1728840641
459,la libertad,-2.2333,-80.9,296.96,78,100,3.09,EC,1728840642
460,hithadhoo,-0.6,73.0833,301.36,74,66,4.15,MV,1728840643
461,auki,-8.7676,160.7034,297.53,89,9,1.57,SB,1728840644
462,namsos,64.4662,11.4957,279.1,81,40,2.06,NO,1728840645
463,mezzouna,34.5776,9.8419,298.15,59,17,3.63,TN,1728840646
464,el abiodh sidi cheikh,32.893,0.5484,298.89,33,28,4.78,DZ,1728840647
465,merizo village,13.2658,144.6691,299.81,92,57,3.23,GU,1728840648
466,dogonbadan,30.3586,50.7981,299.2,27,0,2.06,IR,1728840649
467,minas de marcona,-15.2119,-75.1103,294.82,45,54,7.37,PE,1728840650
468,laguna,38.421,-121.4238,294.95,72,0,0.45,US,1728840652
469,mejit,10.2753,170.8646,301.37,77,11,6.58,MH,1728840653
470,moravsky krumlov,49.0489,16.3117,284.22,64,0,6.69,CZ,1728840654
471,st. john's,47.5649,-52.7093,285.91,72,75,9.26,CA,1728840372
472,battagram,34.6772,73.0233,290.73,50,0,2.02,PK,1728840656
473,puttalam,8.0362,79.8283,299.55,85,100,5.29,LK,1728840657
474,gazojak,41.1875,61.4036,282.64,45,9,5.67,TM,1728840653
475,porto novo,6.4965,2.6036,300.05,86,75,4.25,BJ,1728840659
476,yeppoon,-23.1333,150.7333,294.88,66,100,8.21,AU,1728840660
477,guerrero negro,27.9769,-114.0611,299.28,51,0,4.98,MX,1728840661
478,azul,-36.777,-59.8585,296.36,44,17,5.87,AR,1728840380
479,anderson,34.5334,-82.6499,299.65,49,0,5.14,US,1728840607
480,ndioum,16.5129,-14.6471,309.76,30,82,4.36,SN,1728840666
481,la foa,-21.7108,165.8276,291.72,78,100,2.78,NC,1728840667
482,peterborough,52.5736,-0.2478,283.09,76,100,1.54,GB,1728840501
483,copiapo,-27.3667,-70.3333,303.39,27,7,4.11,CL,1728840567
484,oistins,13.0667,-59.5333,303.2,74,40,6.69,BB,1728840670
485,claiborne,32.516,-92.1918,304.11,48,0,5.14,US,1728840671
486,sao vicente,-23.9631,-46.3919,295.13,26,100,5.14,BR,1728840673
487,al jawf,29.5,38.75,299.63,27,0,3.98,SA,1728840674
488,hampton bays,40.869,-72.5176,293.07,76,0,6.26,US,1728840628
489,russkaya polyana,49.417,31.9201,284.59,93,100,1.59,UA,1728840676
490,esmeraldas,-19.7625,-44.3139,299.63,57,69,2.77,BR,1728840677
491,mugumu,-1.85,34.7,295.08,56,82,1.26,TZ,1728840678
492,sena madureira,-9.0656,-68.6569,313.55,23,52,0.75,BR,1728840679
493,mossel bay,-34.1831,22.146,290.11,86,17,4.34,ZA,1728840680
494,cole harbour,44.6724,-63.4751,288.25,53,67,6.69,CA,1728840681
495,pearsall,28.8922,-99.095,306.29,26,0,4.28,US,1728840682
496,birao,10.2849,22.7882,298.48,71,84,1.05,CF,1728840684
497,haiku-pauwela,20.9219,-156.3051,297.74,68,20,6.26,US,1728840685
498,eraan,9.0629,117.7016,299.46,88,77,1.59,PH,1728840687
499,zaragoza,41.6561,-0.8773,296.93,60,0,2.57,ES,1728840428
500,lobujya,27.95,86.8167,265.49,56,2,2.2,NP,1728840689
501,machico,32.7,-16.7667,297.6,67,40,3.6,PT,1728840690
502,jaguaruna,-28.615,-49.0256,300.51,64,17,6.26,BR,1728840691
503,greymouth,-42.4667,171.2,277.72,87,100,3.48,NZ,1728840435
504,dongola,19.1667,30.4833,308.76,15,65,2.7,SD,1728840693
505,bulawayo,-20.15,28.5833,299.07,20,3,5.86,ZW,1728840694
506,remire-montjoly,4.9167,-52.2667,306.17,52,20,6.69,GF,1728840696
507,ebon,4.582,168.6964,302.36,68,40,6.73,MH,1728840697
508,daru,-9.0763,143.2092,298.9,85,100,6.11,PG,1728840698
509,south bay,26.664,-80.7162,301.49,70,70,3.06,US,1728840699
510,port saint john's,-31.6229,29.5448,292.17,98,8,0.74,ZA,1728840700
511,quechultenango,17.4167,-99.2167,299.83,53,70,1.88,MX,1728840701
512,fort mcmurray,56.7268,-111.381,282.92,46,100,4.63,CA,1728840702
513,flin flon,54.7682,-101.865,277.06,75,75,0.0,CA,1728840472
514,biloela,-24.4167,150.5,292.38,74,100,3.27,AU,1728840704
515,mar del plata,-38.0023,-57.5575,290.9,76,61,4.02,AR,1728840486
516,san patricio,28.017,-97.5169,302.12,32,0,3.01,US,1728840706
517,eyl,7.9803,49.8164,301.45,67,30,7.44,SO,1728840708
518,isetskoye,56.4858,65.3226,268.73,92,62,1.9,RU,1728840709
519,shakhovskaya,56.0283,35.5097,278.18,84,100,7.15,RU,1728840710
520,tete,-16.1564,33.5867,307.2,29,20,3.6,MZ,1728840711
521,altai,46.3722,96.2583,273.13,70,0,0.84,MN,1728840645
522,tranqueras,-31.2,-55.75,297.82,54,6,4.01,UY,1728840713
523,camarinas,43.1311,-9.1817,291.28,86,99,1.91,ES,1728840714
524,constitucion,-35.3333,-72.4167,289.41,55,34,5.73,CL,1728840715
525,villa regina,-39.1,-67.0667,298.47,15,0,5.27,AR,1728840716
526,mount gambier,-37.8333,140.7667,283.79,98,22,2.34,AU,1728840717
527,argo,37.6333,22.7333,294.2,80,40,1.71,GR,1728840718
528,el quebrachal,-25.2833,-64.0667,305.7,40,28,5.31,AR,1728840720
529,al badari,26.9926,31.4155,304.51,19,0,4.12,EG,1728840721
530,mokhsogollokh,61.4681,128.9203,269.85,75,100,1.64,RU,1728840722
531,nantucket,41.2835,-70.0995,289.21,59,75,4.12,US,1728840469
532,kirensk,57.7853,108.1119,266.48,77,85,2.56,RU,1728840724
533,ryotsu-minato,38.0833,138.4333,289.89,67,17,4.6,JP,1728840726
534,cape canaveral,28.4058,-80.6048,303.19,69,40,4.12,US,1728840727
535,srivardhan,18.0333,73.0167,300.0,87,45,2.48,IN,1728840728
536,aranjuez,40.0311,-3.6025,295.0,61,71,3.85,ES,1728840729
537,sterling,39.0062,-77.4286,300.05,45,20,7.2,US,1728840696
538,broken hill,-31.95,141.4333,291.16,27,91,0.67,AU,1728840687
539,chui,-33.6971,-53.4616,293.43,62,99,4.98,UY,1728840733
540,tabora,-5.0167,32.8,298.48,25,68,2.73,TZ,1728840734
541,kloulklubed,7.0419,134.2556,302.11,68,95,4.41,PW,1728840736
542,sungai penuh,-2.0833,101.3833,292.16,97,99,1.05,ID,1728840737
543,tengrela,10.4869,-6.4097,298.17,86,94,2.24,CI,1728840738
544,campana,-34.1687,-58.9591,289.6,91,100,1.8,AR,1728840591
545,azangaro,-14.9167,-70.2167,289.3,28,41,7.8,PE,1728840741
546,shalazhi,43.0978,45.3608,284.74,94,100,1.8,RU,1728840742
547,christchurch,-43.5333,172.6333,278.66,81,100,1.54,NZ,1728840595
548,klyavlino,54.2649,52.0267,273.83,47,0,1.87,RU,1728840744
549,nova vicosa,-17.8919,-39.3719,299.09,80,55,5.04,BR,1728840745
550,coquimbo,-29.9533,-71.3436,294.25,54,75,6.69,CL,1728840635
551,bamboo flat,11.7,92.7167,299.2,94,40,1.03,IN,1728840748
552,chilca,-12.5211,-76.7372,291.51,80,65,3.57,PE,1728840749
553,prado,-17.3411,-39.2208,300.92,64,58,3.76,BR,1728840751
554,bindki,26.0333,80.6,300.15,48,96,2.36,IN,1728840752
555,takehara,34.3383,132.9167,292.17,82,72,1.03,JP,1728840753
556,chokwe,-24.5333,32.9833,300.31,47,0,4.79,MZ,1728840754
557,canon city,38.441,-105.2424,295.03,28,0,2.57,US,1728840755
558,colonia menno,-22.3667,-59.8167,311.27,29,99,5.65,PY,1728840756
559,al ghayzah,16.2079,52.176,300.68,69,71,4.61,YE,1728840758
560,pointe-noire,-4.7761,11.8635,298.19,86,91,5.19,CG,1728840759
561,jacobina,-11.1806,-40.5183,308.36,24,64,4.67,BR,1728840760
562,marathon,44.9,-89.7668,281.29,84,100,10.8,US,1728840714
563,badiyah,22.45,58.8,298.39,57,95,4.99,OM,1728840762
564,lamu,-2.2717,40.902,297.59,84,42,3.27,KE,1728840763
565,winthrop harbor,42.4789,-87.8237,292.31,53,20,7.2,US,1728840764
566,hohhot,40.8106,111.6522,284.31,100,40,1.0,CN,1728840766
567,columbia falls,48.3725,-114.1815,284.97,50,0,2.57,US,1728840767
568,kollum,53.277,6.1529,283.7,76,100,6.56,NL,1728840768
569,kosti,13.1629,32.6635,305.2,41,55,2.98,SD,1728840769
570,omaruru,-21.4333,15.9333,300.97,25,98,7.35,NA,1728840770
571,rudbar,30.15,62.6,300.77,10,0,3.23,AF,1728840773
572,jeanerette,29.911,-91.6635,301.16,50,0,4.17,US,1728840775
573,wynyard,-41.0,145.7167,284.92,83,99,3.16,AU,1728840776
574,ponta delgada,37.7333,-25.6667,296.55,94,75,2.57,PT,1728840777
